municipio,id_estado,id_municipio
ALVARO OBREGON,9,1
AZCAPOTZALCO,9,2
BENITO JUAREZ,9,3
COYOACAN,9,4
CUAJIMALPA DE MORELOS,9,5
CUAUHTEMOC,9,6
GUSTAVO A. MADERO,9,7
IZTACALCO,9,8
IZTAPALAPA,9,9
LA MAGDALENA CONTRERAS,9,10
MIGUEL HIDALGO,9,11
MILPA ALTA,9,12
TLAHUAC,9,13
TLALPAN,9,14
VENUSTIANO CARRANZA,9,15
XOCHIMILCO,9,16
AGUASCALIENTES,1,17
SAN FRANCISCO DE LOS ROMO,1,18
EL LLANO,1,19
RINCON DE ROMOS,1,20
COSIO,1,21
SAN JOSE DE GRACIA,1,22
TEPEZALA,1,23
PABELLON DE ARTEAGA,1,24
ASIENTOS,1,25
CALVILLO,1,26
JESUS MARIA,1,27
MEXICALI,2,28
TECATE,2,29
SAN FELIPE,2,30
TIJUANA,2,31
PLAYAS DE ROSARITO,2,32
ENSENADA,2,33
SAN QUINTIN,2,34
LA PAZ,3,35
LOS CABOS,3,36
COMONDU,3,37
LORETO,3,38
MULEGE,3,39
CAMPECHE,4,40
CARMEN,4,41
PALIZADA,4,42
CANDELARIA,4,43
ESCARCEGA,4,44
CHAMPOTON,4,45
SEYBAPLAYA,4,46
HOPELCHEN,4,47
CALAKMUL,4,48
TENABO,4,49
HECELCHAKAN,4,50
CALKINI,4,51
DZITBALCHE,4,52
SALTILLO,5,53
ARTEAGA,5,54
JUAREZ,5,55
PROGRESO,5,56
ESCOBEDO,5,57
SAN BUENAVENTURA,5,58
ABASOLO,5,59
CANDELA,5,60
FRONTERA,5,61
MONCLOVA,5,62
CASTANOS,5,63
RAMOS ARIZPE,5,64
GENERAL CEPEDA,5,65
PIEDRAS NEGRAS,5,66
NAVA,5,67
ACUNA,5,68
MUZQUIZ,5,69
JIMENEZ,5,70
ZARAGOZA,5,71
MORELOS,5,72
ALLENDE,5,73
VILLA UNION,5,74
GUERRERO,5,75
HIDALGO,5,76
SABINAS,5,77
SAN JUAN DE SABINAS,5,78
TORREON,5,79
MATAMOROS,5,80
VIESCA,5,81
OCAMPO,5,82
NADADORES,5,83
SIERRA MOJADA,5,84
CUATRO CIENEGAS,5,85
LAMADRID,5,86
SACRAMENTO,5,87
SAN PEDRO,5,88
FRANCISCO I. MADERO,5,89
PARRAS,5,90
COLIMA,6,91
TECOMAN,6,92
MANZANILLO,6,93
ARMERIA,6,94
COQUIMATLAN,6,95
COMALA,6,96
IXTLAHUACAN,6,97
MINATITLAN,6,98
VILLA DE ALVAREZ,6,99
TUXTLA GUTIERREZ,7,100
SAN FERNANDO,7,101
BERRIOZABAL,7,102
OCOZOCOAUTLA DE ESPINOSA,7,103
SUCHIAPA,7,104
CHIAPA DE CORZO,7,105
OSUMACINTA,7,106
SAN CRISTOBAL DE LAS CASAS,7,107
CHAMULA,7,108
IXTAPA,7,109
ZINACANTAN,7,110
ACALA,7,111
EMILIANO ZAPATA,7,112
CHIAPILLA,7,113
SAN LUCAS,7,114
TEOPISCA,7,115
AMATENANGO DEL VALLE,7,116
CHANAL,7,117
OXCHUC,7,118
HUIXTAN,7,119
TENEJAPA,7,120
MITONTIC,7,121
REFORMA,7,122
PICHUCALCO,7,123
SUNUAPA,7,124
OSTUACAN,7,125
FRANCISCO LEON,7,126
IXTACOMITAN,7,127
SOLOSUCHIAPA,7,128
IXTAPANGAJOYA,7,129
MEZCALAPA,7,130
TECPATAN,7,131
COPAINALA,7,132
CHICOASEN,7,133
COAPILLA,7,134
PANTEPEC,7,135
TAPALAPA,7,136
OCOTEPEC,7,137
CHAPULTENANGO,7,138
AMATAN,7,139
HUITIUPAN,7,140
IXHUATAN,7,141
TAPILULA,7,142
RAYON,7,143
PUEBLO NUEVO SOLISTAHUACAN,7,144
RINCON CHAMULA SAN PEDRO,7,145
JITOTOL,7,146
BOCHIL,7,147
SOYALO,7,148
SAN JUAN CANCUC,7,149
SABANILLA,7,150
SIMOJOVEL,7,151
SAN ANDRES DURAZNAL,7,152
EL BOSQUE,7,153
CHALCHIHUITAN,7,154
LARRAINZAR,7,155
SANTIAGO EL PINAR,7,156
CHENALHO,7,157
ALDAMA,7,158
PANTELHO,7,159
SITALA,7,160
SALTO DE AGUA,7,161
TILA,7,162
TUMBALA,7,163
YAJALON,7,164
OCOSINGO,7,165
CHILON,7,166
BENEMERITO DE LAS AMERICAS,7,167
MARQUES DE COMILLAS,7,168
PALENQUE,7,169
LA LIBERTAD,7,170
CATAZAJA,7,171
COMITAN DE DOMINGUEZ,7,172
TZIMOL,7,173
CHICOMUSELO,7,174
BELLA VISTA,7,175
FRONTERA COMALAPA,7,176
LA TRINITARIA,7,177
LA INDEPENDENCIA,7,178
MARAVILLA TENEJAPA,7,179
LAS MARGARITAS,7,180
ALTAMIRANO,7,181
TOTOLAPA,7,182
NICOLAS RUIZ,7,183
LAS ROSAS,7,184
LA CONCORDIA,7,185
ANGEL ALBINO CORZO,7,186
MONTECRISTO DE GUERRERO,7,187
SOCOLTENANGO,7,188
CINTALAPA DE FIGUEROA,7,189
JIQUIPILAS,7,190
ARRIAGA,7,191
VILLAFLORES,7,192
TONALA,7,193
VILLA CORZO,7,194
EL PARRAL,7,195
PIJIJIAPAN,7,196
MAPASTEPEC,7,197
ACAPETAHUA,7,198
ACACOYAGUA,7,199
ESCUINTLA,7,200
VILLA COMALTITLAN,7,201
HUIXTLA,7,202
MAZATAN,7,203
HUEHUETAN,7,204
TUZANTAN,7,205
TAPACHULA,7,206
SUCHIATE,7,207
FRONTERA HIDALGO,7,208
METAPA,7,209
TUXTLA CHICO,7,210
UNION JUAREZ,7,211
CACAHOATAN,7,212
MOTOZINTLA,7,213
MAZAPA DE MADERO,7,214
AMATENANGO DE LA FRONTERA,7,215
BEJUCAL DE OCAMPO,7,216
LA GRANDEZA,7,217
EL PORVENIR,7,218
SILTEPEC,7,219
HONDURAS DE LA SIERRA,7,220
CAPITAN LUIS ANGEL VIDAL,7,221
CHIHUAHUA,8,222
RIVA PALACIO,8,223
AQUILES SERDAN,8,224
BACHINIVA,8,225
NUEVO CASAS GRANDES,8,226
ASCENSION,8,227
JANOS,8,228
CASAS GRANDES,8,229
GALEANA,8,230
BUENAVENTURA,8,231
GOMEZ FARIAS,8,232
IGNACIO ZARAGOZA,8,233
MADERA,8,234
NAMIQUIPA,8,235
TEMOSACHIC,8,236
MATACHI,8,237
GUADALUPE,8,238
PRAXEDIS G. GUERRERO,8,239
AHUMADA,8,240
COYAME DEL SOTOL,8,241
OJINAGA,8,242
JULIMES,8,243
MANUEL BENAVIDES,8,244
DELICIAS,8,245
ROSALES,8,246
MEOQUI,8,247
DR. BELISARIO DOMINGUEZ,8,248
SATEVO,8,249
SAN FRANCISCO DE BORJA,8,250
NONOAVA,8,251
GUACHOCHI,8,252
BOCOYNA,8,253
CUSIHUIRIACHI,8,254
GRAN MORELOS,8,255
SANTA ISABEL,8,256
CARICHI,8,257
URUACHI,8,258
MORIS,8,259
CHINIPAS,8,260
MAGUARICHI,8,261
GUAZAPARES,8,262
BATOPILAS DE MANUEL GOMEZ MORIN,8,263
URIQUE,8,264
GUADALUPE Y CALVO,8,265
SAN FRANCISCO DEL ORO,8,266
ROSARIO,8,267
HUEJOTITAN,8,268
EL TULE,8,269
BALLEZA,8,270
SANTA BARBARA,8,271
CAMARGO,8,272
SAUCILLO,8,273
VALLE DE ZARAGOZA,8,274
LA CRUZ,8,275
SAN FRANCISCO DE CONCHOS,8,276
HIDALGO DEL PARRAL,8,277
LOPEZ,8,278
CORONADO,8,279
DURANGO,10,280
CANATLAN,10,281
NUEVO IDEAL,10,282
CONETO DE COMONFORT,10,283
SAN JUAN DEL RIO,10,284
CANELAS,10,285
TOPIA,10,286
TAMAZULA,10,287
SANTIAGO PAPASQUIARO,10,288
OTAEZ,10,289
SAN DIMAS,10,290
GUADALUPE VICTORIA,10,291
PENON BLANCO,10,292
PANUCO DE CORONADO,10,293
POANAS,10,294
NOMBRE DE DIOS,10,295
VICENTE GUERRERO,10,296
SUCHIL,10,297
PUEBLO NUEVO,10,298
MEZQUITAL,10,299
GOMEZ PALACIO,10,300
LERDO,10,301
MAPIMI,10,302
TLAHUALILO,10,303
GUANACEVI,10,304
SAN BERNARDO,10,305
INDE,10,306
SAN PEDRO DEL GALLO,10,307
TEPEHUANES,10,308
EL ORO,10,309
NAZAS,10,310
SAN LUIS DEL CORDERO,10,311
RODEO,10,312
CUENCAME,10,313
SANTA CLARA,10,314
SAN JUAN DE GUADALUPE,10,315
GENERAL SIMON BOLIVAR,10,316
GUANAJUATO,11,317
SILAO DE LA VICTORIA,11,318
ROMITA,11,319
SAN FRANCISCO DEL RINCON,11,320
PURISIMA DEL RINCON,11,321
MANUEL DOBLADO,11,322
IRAPUATO,11,323
SALAMANCA,11,324
PENJAMO,11,325
CUERAMARO,11,326
HUANIMARO,11,327
LEON,11,328
SAN MIGUEL DE ALLENDE,11,329
DOLORES HIDALGO CUNA DE LA INDEPENDENCIA NACIONAL,11,330
SAN DIEGO DE LA UNION,11,331
SAN LUIS DE LA PAZ,11,332
VICTORIA,11,333
XICHU,11,334
ATARJEA,11,335
SANTA CATARINA,11,336
DOCTOR MORA,11,337
TIERRA BLANCA,11,338
SAN JOSE ITURBIDE,11,339
CELAYA,11,340
APASEO EL GRANDE,11,341
COMONFORT,11,342
SANTA CRUZ DE JUVENTINO ROSAS,11,343
VILLAGRAN,11,344
CORTAZAR,11,345
VALLE DE SANTIAGO,11,346
JARAL DEL PROGRESO,11,347
APASEO EL ALTO,11,348
JERECUARO,11,349
CORONEO,11,350
ACAMBARO,11,351
TARIMORO,11,352
TARANDACUAO,11,353
MOROLEON,11,354
SALVATIERRA,11,355
YURIRIA,11,356
SANTIAGO MARAVATIO,11,357
URIANGATO,11,358
CHILPANCINGO DE LOS BRAVO,12,359
GENERAL HELIODORO CASTILLO,12,360
LEONARDO BRAVO,12,361
TIXTLA DE GUERRERO,12,362
AYUTLA DE LOS LIBRES,12,363
NUU SAVI,12,364
MOCHITLAN,12,365
QUECHULTENANGO,12,366
TECOANAPA,12,367
ACAPULCO DE JUAREZ,12,368
JUAN R. ESCUDERO,12,369
SAN MARCOS,12,370
LAS VIGAS,12,371
IGUALA DE LA INDEPENDENCIA,12,372
HUITZUCO DE LOS FIGUEROA,12,373
TEPECOACUILCO DE TRUJANO,12,374
EDUARDO NERI,12,375
TAXCO DE ALARCON,12,376
BUENAVISTA DE CUELLAR,12,377
TETIPAC,12,378
PILCAYA,12,379
TELOLOAPAN,12,380
IXCATEOPAN DE CUAUHTEMOC,12,381
PEDRO ASCENCIO ALQUISIRAS,12,382
GENERAL CANUTO A. NERI,12,383
ARCELIA,12,384
APAXTLA,12,385
CUETZALA DEL PROGRESO,12,386
COCULA,12,387
TLAPEHUALA,12,388
CUTZAMALA DE PINZON,12,389
PUNGARABATO,12,390
TLALCHAPA,12,391
COYUCA DE CATALAN,12,392
AJUCHITLAN DEL PROGRESO,12,393
ZIRANDARO,12,394
SAN MIGUEL TOTOLAPAN,12,395
LA UNION DE ISIDORO MONTES DE OCA,12,396
PETATLAN,12,397
COAHUAYUTLA DE JOSE MARIA IZAZAGA,12,398
ZIHUATANEJO DE AZUETA,12,399
TECPAN DE GALEANA,12,400
ATOYAC DE ALVAREZ,12,401
COYUCA DE BENITEZ,12,402
OLINALA,12,403
ATENANGO DEL RIO,12,404
COPALILLO,12,405
CUALAC,12,406
CHILAPA DE ALVAREZ,12,407
JOSE JOAQUIN DE HERRERA,12,408
AHUACUOTZINGO,12,409
ZITLALA,12,410
MARTIR DE CUILAPAN,12,411
HUAMUXTITLAN,12,412
XOCHIHUEHUETLAN,12,413
ALPOYECA,12,414
TLAPA DE COMONFORT,12,415
TLALIXTAQUILLA DE MALDONADO,12,416
XALPATLAHUAC,12,417
ZAPOTITLAN TABLAS,12,418
ACATEPEC,12,419
ATLIXTAC,12,420
COPANATOYAC,12,421
MALINALTEPEC,12,422
SANTA CRUZ DEL RINCON,12,423
ILIATENCO,12,424
TLACOAPA,12,425
ATLAMAJALCINGO DEL MONTE,12,426
SAN LUIS ACATLAN,12,427
METLATONOC,12,428
COCHOAPA EL GRANDE,12,429
ALCOZAUCA DE GUERRERO,12,430
OMETEPEC,12,431
TLACOACHISTLAHUACA,12,432
XOCHISTLAHUACA,12,433
FLORENCIO VILLARREAL,12,434
CUAUTEPEC,12,435
COPALA,12,436
AZOYU,12,437
JUCHITAN,12,438
MARQUELIA,12,439
CUAJINICUILAPA,12,440
SAN NICOLAS,12,441
IGUALAPA,12,442
PACHUCA DE SOTO,13,443
MINERAL DEL CHICO,13,444
MINERAL DEL MONTE,13,445
AJACUBA,13,446
SAN AGUSTIN TLAXIACA,13,447
MINERAL DE LA REFORMA,13,448
ZAPOTLAN DE JUAREZ,13,449
JACALA DE LEDEZMA,13,450
PISAFLORES,13,451
PACULA,13,452
LA MISION,13,453
CHAPULHUACAN,13,454
IXMIQUILPAN,13,455
ZIMAPAN,13,456
NICOLAS FLORES,13,457
CARDONAL,13,458
TASQUILLO,13,459
ALFAJAYUCAN,13,460
HUICHAPAN,13,461
TECOZAUTLA,13,462
NOPALA DE VILLAGRAN,13,463
ACTOPAN,13,464
SANTIAGO DE ANAYA,13,465
SAN SALVADOR,13,466
EL ARENAL,13,467
MIXQUIAHUALA DE JUAREZ,13,468
PROGRESO DE OBREGON,13,469
CHILCUAUTLA,13,470
TEZONTEPEC DE ALDAMA,13,471
TLAHUELILPAN,13,472
TULA DE ALLENDE,13,473
TEPEJI DEL RIO DE OCAMPO,13,474
CHAPANTONGO,13,475
TEPETITLAN,13,476
TETEPANGO,13,477
TLAXCOAPAN,13,478
ATITALAQUIA,13,479
ATOTONILCO DE TULA,13,480
HUEJUTLA DE REYES,13,481
SAN FELIPE ORIZATLAN,13,482
JALTOCAN,13,483
HUAUTLA,13,484
ATLAPEXCO,13,485
HUAZALINGO,13,486
YAHUALICA,13,487
XOCHIATIPAN,13,488
MOLANGO DE ESCAMILLA,13,489
TEPEHUACAN DE GUERRERO,13,490
LOLOTLA,13,491
TLANCHINOL,13,492
TLAHUILTEPA,13,493
JUAREZ HIDALGO,13,494
ZACUALTIPAN DE ANGELES,13,495
CALNALI,13,496
XOCHICOATLAN,13,497
TIANGUISTENGO,13,498
ATOTONILCO EL GRANDE,13,499
ELOXOCHITLAN,13,500
METZTITLAN,13,501
SAN AGUSTIN METZQUITITLAN,13,502
METEPEC,13,503
HUEHUETLA,13,504
SAN BARTOLO TUTOTEPEC,13,505
AGUA BLANCA DE ITURBIDE,13,506
TENANGO DE DORIA,13,507
HUASCA DE OCAMPO,13,508
ACATLAN,13,509
OMITLAN DE JUAREZ,13,510
EPAZOYUCAN,13,511
TULANCINGO DE BRAVO,13,512
ACAXOCHITLAN,13,513
CUAUTEPEC DE HINOJOSA,13,514
SANTIAGO TULANTEPEC DE LUGO GUERRERO,13,515
SINGUILUCAN,13,516
TIZAYUCA,13,517
ZEMPOALA,13,518
TOLCAYUCA,13,519
VILLA DE TEZONTEPEC,13,520
APAN,13,521
TLANALAPA,13,522
ALMOLOYA,13,523
TEPEAPULCO,13,524
GUADALAJARA,14,525
ZAPOPAN,14,526
SAN CRISTOBAL DE LA BARRANCA,14,527
IXTLAHUACAN DEL RIO,14,528
TALA,14,529
AMATITAN,14,530
ZAPOTLANEJO,14,531
ACATIC,14,532
CUQUIO,14,533
SAN PEDRO TLAQUEPAQUE,14,534
TLAJOMULCO DE ZUNIGA,14,535
EL SALTO,14,536
ACATLAN DE JUAREZ,14,537
VILLA CORONA,14,538
ZACOALCO DE TORRES,14,539
ATEMAJAC DE BRIZUELA,14,540
JOCOTEPEC,14,541
IXTLAHUACAN DE LOS MEMBRILLOS,14,542
JUANACATLAN,14,543
CHAPALA,14,544
PONCITLAN,14,545
ZAPOTLAN DEL REY,14,546
HUEJUQUILLA EL ALTO,14,547
MEZQUITIC,14,548
VILLA GUERRERO,14,549
BOLANOS,14,550
TOTATICHE,14,551
COLOTLAN,14,552
SANTA MARIA DE LOS ANGELES,14,553
HUEJUCAR,14,554
CHIMALTITAN,14,555
SAN MARTIN DE BOLANOS,14,556
TEQUILA,14,557
HOSTOTIPAQUILLO,14,558
MAGDALENA,14,559
ETZATLAN,14,560
SAN JUANITO DE ESCOBEDO,14,561
AMECA,14,562
AHUALULCO DE MERCADO,14,563
TEUCHITLAN,14,564
SAN MARTIN HIDALGO,14,565
GUACHINANGO,14,566
MIXTLAN,14,567
MASCOTA,14,568
SAN SEBASTIAN DEL OESTE,14,569
SAN JUAN DE LOS LAGOS,14,570
JALOSTOTITLAN,14,571
SAN MIGUEL EL ALTO,14,572
SAN JULIAN,14,573
ARANDAS,14,574
SAN IGNACIO CERRO GORDO,14,575
TEOCALTICHE,14,576
VILLA HIDALGO,14,577
ENCARNACION DE DIAZ,14,578
YAHUALICA DE GONZALEZ GALLO,14,579
MEXTICACAN,14,580
CANADAS DE OBREGON,14,581
VALLE DE GUADALUPE,14,582
LAGOS DE MORENO,14,583
OJUELOS DE JALISCO,14,584
UNION DE SAN ANTONIO,14,585
SAN DIEGO DE ALEJANDRIA,14,586
TEPATITLAN DE MORELOS,14,587
TOTOTLAN,14,588
ATOTONILCO EL ALTO,14,589
OCOTLAN,14,590
JAMAY,14,591
LA BARCA,14,592
AYOTLAN,14,593
DEGOLLADO,14,594
UNION DE TULA,14,595
AYUTLA,14,596
ATENGUILLO,14,597
CUAUTLA,14,598
ATENGO,14,599
TALPA DE ALLENDE,14,600
PUERTO VALLARTA,14,601
CABO CORRIENTES,14,602
TOMATLAN,14,603
TECOLOTLAN,14,604
TENAMAXTLAN,14,605
JUCHITLAN,14,606
CHIQUILISTLAN,14,607
EJUTLA,14,608
EL LIMON,14,609
EL GRULLO,14,610
TONAYA,14,611
TUXCACUESCO,14,612
VILLA PURIFICACION,14,613
LA HUERTA,14,614
AUTLAN DE NAVARRO,14,615
CASIMIRO CASTILLO,14,616
CUAUTITLAN DE GARCIA BARRAGAN,14,617
CIHUATLAN,14,618
ZAPOTLAN EL GRANDE,14,619
CONCEPCION DE BUENOS AIRES,14,620
ATOYAC,14,621
TECHALUTA DE MONTENEGRO,14,622
TEOCUITATLAN DE CORONA,14,623
SAYULA,14,624
TAPALPA,14,625
AMACUECA,14,626
TIZAPAN EL ALTO,14,627
TUXCUECA,14,628
LA MANZANILLA DE LA PAZ,14,629
MAZAMITLA,14,630
VALLE DE JUAREZ,14,631
QUITUPAN,14,632
ZAPOTILTIC,14,633
TAMAZULA DE GORDIANO,14,634
SAN GABRIEL,14,635
TOLIMAN,14,636
ZAPOTITLAN DE VADILLO,14,637
TUXPAN,14,638
TONILA,14,639
PIHUAMO,14,640
TECALITLAN,14,641
JILOTLAN DE LOS DOLORES,14,642
SANTA MARIA DEL ORO,14,643
TOLUCA,15,644
ACAMBAY DE RUIZ CASTANEDA,15,645
ACULCO,15,646
TEMASCALCINGO,15,647
ATLACOMULCO,15,648
TIMILPAN,15,649
SAN FELIPE DEL PROGRESO,15,650
SAN JOSE DEL RINCON,15,651
JOCOTITLAN,15,652
IXTLAHUACA,15,653
JIQUIPILCO,15,654
TEMOAYA,15,655
ALMOLOYA DE JUAREZ,15,656
VILLA VICTORIA,15,657
VILLA DE ALLENDE,15,658
DONATO GUERRA,15,659
IXTAPAN DEL ORO,15,660
SANTO TOMAS,15,661
OTZOLOAPAN,15,662
ZACAZONAPAN,15,663
VALLE DE BRAVO,15,664
AMANALCO,15,665
TEMASCALTEPEC,15,666
ZINACANTEPEC,15,667
TEJUPILCO,15,668
LUVIANOS,15,669
SAN SIMON DE GUERRERO,15,670
AMATEPEC,15,671
TLATLAYA,15,672
SULTEPEC,15,673
TEXCALTITLAN,15,674
COATEPEC HARINAS,15,675
ZACUALPAN,15,676
ALMOLOYA DE ALQUISIRAS,15,677
IXTAPAN DE LA SAL,15,678
TONATICO,15,679
ZUMPAHUACAN,15,680
LERMA,15,681
XONACATLAN,15,682
OTZOLOTEPEC,15,683
SAN MATEO ATENCO,15,684
MEXICALTZINGO,15,685
CALIMAYA,15,686
CHAPULTEPEC,15,687
SAN ANTONIO LA ISLA,15,688
TENANGO DEL VALLE,15,689
JOQUICINGO,15,690
TENANCINGO,15,691
MALINALCO,15,692
OCUILAN,15,693
ATIZAPAN,15,694
ALMOLOYA DEL RIO,15,695
TEXCALYACAC,15,696
TIANGUISTENCO,15,697
XALATLACO,15,698
CAPULHUAC,15,699
OCOYOACAC,15,700
HUIXQUILUCAN,15,701
ATIZAPAN DE ZARAGOZA,15,702
NAUCALPAN DE JUAREZ,15,703
TLALNEPANTLA DE BAZ,15,704
POLOTITLAN,15,705
JILOTEPEC,15,706
SOYANIQUILPAN DE JUAREZ,15,707
VILLA DEL CARBON,15,708
CHAPA DE MOTA,15,709
NICOLAS ROMERO,15,710
ISIDRO FABELA,15,711
JILOTZINGO,15,712
TEPOTZOTLAN,15,713
COYOTEPEC,15,714
HUEHUETOCA,15,715
CUAUTITLAN IZCALLI,15,716
TEOLOYUCAN,15,717
CUAUTITLAN,15,718
MELCHOR OCAMPO,15,719
TULTITLAN,15,720
TULTEPEC,15,721
ECATEPEC DE MORELOS,15,722
ZUMPANGO,15,723
TEQUIXQUIAC,15,724
APAXCO,15,725
HUEYPOXTLA,15,726
COACALCO DE BERRIOZABAL,15,727
TECAMAC,15,728
JALTENCO,15,729
TONANITLA,15,730
NEXTLALPAN,15,731
TEOTIHUACAN,15,732
SAN MARTIN DE LAS PIRAMIDES,15,733
ACOLMAN,15,734
OTUMBA,15,735
AXAPUSCO,15,736
NOPALTEPEC,15,737
TEMASCALAPA,15,738
TEZOYUCA,15,739
CHIAUTLA,15,740
PAPALOTLA,15,741
TEPETLAOXTOC,15,742
TEXCOCO,15,743
CHICONCUAC,15,744
ATENCO,15,745
CHIMALHUACAN,15,746
CHICOLOAPAN,15,747
IXTAPALUCA,15,748
CHALCO,15,749
VALLE DE CHALCO SOLIDARIDAD,15,750
TEMAMATLA,15,751
COCOTITLAN,15,752
TLALMANALCO,15,753
AYAPANGO,15,754
TENANGO DEL AIRE,15,755
OZUMBA,15,756
JUCHITEPEC,15,757
TEPETLIXPA,15,758
AMECAMECA,15,759
ATLAUTLA,15,760
ECATZINGO,15,761
NEZAHUALCOYOTL,15,762
MORELIA,16,763
HUANIQUEO,16,764
COENEO,16,765
QUIROGA,16,766
TZINTZUNTZAN,16,767
LAGUNILLAS,16,768
ACUITZIO,16,769
MADERO,16,770
PURUANDIRO,16,771
JOSE SIXTO VERDUZCO,16,772
ANGAMACUTIRO,16,773
PANINDICUARO,16,774
ZACAPU,16,775
TLAZAZALCA,16,776
PUREPERO,16,777
HUANDACAREO,16,778
CUITZEO,16,779
CHUCANDIRO,16,780
COPANDARO,16,781
TARIMBARO,16,782
SANTA ANA MAYA,16,783
ZINAPECUARO,16,784
INDAPARAPEO,16,785
QUERENDARO,16,786
SAHUAYO,16,787
BRISENAS,16,788
COJUMATLAN DE REGULES,16,789
PAJACUARAN,16,790
VISTA HERMOSA,16,791
TANHUATO,16,792
YURECUARO,16,793
IXTLAN,16,794
LA PIEDAD,16,795
NUMARAN,16,796
CHURINTZIO,16,797
ZINAPARO,16,798
PENJAMILLO,16,799
MARCOS CASTELLANOS,16,800
JIQUILPAN,16,801
VILLAMAR,16,802
CHAVINDA,16,803
ZAMORA,16,804
ECUANDUREO,16,805
TANGANCICUARO,16,806
CHILCHOTA,16,807
JACONA,16,808
TANGAMANDAPIO,16,809
COTIJA,16,810
TOCUMBO,16,811
TINGUINDIN,16,812
URUAPAN,16,813
CHARAPAN,16,814
PARACHO,16,815
CHERAN,16,816
NAHUATZEN,16,817
TINGAMBATO,16,818
LOS REYES,16,819
PERIBAN,16,820
TANCITARO,16,821
NUEVO PARANGARICUTIRO,16,822
BUENAVISTA,16,823
TEPALCATEPEC,16,824
AGUILILLA,16,825
APATZINGAN,16,826
PARACUARO,16,827
COAHUAYANA,16,828
CHINICUILA,16,829
COALCOMAN DE VAZQUEZ PALLARES,16,830
AQUILA,16,831
TUMBISCATIO,16,832
LAZARO CARDENAS,16,833
EPITACIO HUERTA,16,834
CONTEPEC,16,835
TLALPUJAHUA,16,836
MARAVATIO,16,837
IRIMBO,16,838
SENGUIO,16,839
CHARO,16,840
TZITZIO,16,841
TIQUICHEO DE NICOLAS ROMERO,16,842
APORO,16,843
ANGANGUEO,16,844
JUNGAPEO,16,845
ZITACUARO,16,846
TUZANTLA,16,847
SUSUPUATO,16,848
PATZCUARO,16,849
ERONGARICUARO,16,850
HUIRAMBA,16,851
TACAMBARO,16,852
TURICATO,16,853
ZIRACUARETIRO,16,854
TARETAN,16,855
GABRIEL ZAMORA,16,856
NUEVO URECHO,16,857
MUGICA,16,858
SALVADOR ESCALANTE,16,859
ARIO,16,860
LA HUACANA,16,861
CHURUMUCO,16,862
NOCUPETARO,16,863
CARACUARO,16,864
HUETAMO,16,865
CUERNAVACA,17,866
HUITZILAC,17,867
TEPOZTLAN,17,868
TLALNEPANTLA,17,869
TLAYACAPAN,17,870
JIUTEPEC,17,871
TEMIXCO,17,872
MIACATLAN,17,873
COATETELCO,17,874
COATLAN DEL RIO,17,875
TETECALA,17,876
MAZATEPEC,17,877
AMACUZAC,17,878
PUENTE DE IXTLA,17,879
XOXOCOTLA,17,880
AYALA,17,881
YAUTEPEC,17,882
TLALTIZAPAN DE ZAPATA,17,883
ZACATEPEC,17,884
XOCHITEPEC,17,885
TETELA DEL VOLCAN,17,886
HUEYAPAN,17,887
YECAPIXTLA,17,888
TOTOLAPAN,17,889
ATLATLAHUCAN,17,890
OCUITUCO,17,891
TEMOAC,17,892
ZACUALPAN DE AMILPAS,17,893
JOJUTLA,17,894
TEPALCINGO,17,895
JONACATEPEC DE LEANDRO VALLE,17,896
AXOCHIAPAN,17,897
JANTETELCO,17,898
TLAQUILTENANGO,17,899
TEPIC,18,900
SANTIAGO IXCUINTLA,18,901
ACAPONETA,18,902
TECUALA,18,903
HUAJICORI,18,904
DEL NAYAR,18,905
LA YESCA,18,906
RUIZ,18,907
ROSAMORADA,18,908
COMPOSTELA,18,909
BAHIA DE BANDERAS,18,910
SAN BLAS,18,911
XALISCO,18,912
SAN PEDRO LAGUNILLAS,18,913
JALA,18,914
AHUACATLAN,18,915
IXTLAN DEL RIO,18,916
AMATLAN DE CANAS,18,917
MONTERREY,19,918
ANAHUAC,19,919
LAMPAZOS DE NARANJO,19,920
MINA,19,921
BUSTAMANTE,19,922
SABINAS HIDALGO,19,923
VILLALDAMA,19,924
VALLECILLO,19,925
PARAS,19,926
SALINAS VICTORIA,19,927
CIENEGA DE FLORES,19,928
HIGUERAS,19,929
GENERAL ZUAZUA,19,930
AGUALEGUAS,19,931
GENERAL TREVINO,19,932
CERRALVO,19,933
GARCIA,19,934
GENERAL ESCOBEDO,19,935
SAN PEDRO GARZA GARCIA,19,936
SAN NICOLAS DE LOS GARZA,19,937
EL CARMEN,19,938
APODACA,19,939
PESQUERIA,19,940
MARIN,19,941
DOCTOR GONZALEZ,19,942
LOS RAMONES,19,943
LOS HERRERAS,19,944
LOS ALDAMAS,19,945
DOCTOR COSS,19,946
GENERAL BRAVO,19,947
CHINA,19,948
SANTIAGO,19,949
GENERAL TERAN,19,950
CADEREYTA JIMENEZ,19,951
MONTEMORELOS,19,952
RAYONES,19,953
LINARES,19,954
ITURBIDE,19,955
HUALAHUISES,19,956
DOCTOR ARROYO,19,957
ARAMBERRI,19,958
GENERAL ZARAGOZA,19,959
MIER Y NORIEGA,19,960
OAXACA DE JUAREZ,20,961
VILLA DE ETLA,20,962
SAN JUAN BAUTISTA ATATLAHUCA,20,963
SAN JERONIMO SOSOLA,20,964
SAN JUAN BAUTISTA JAYACATLAN,20,965
SAN FRANCISCO TELIXTLAHUACA,20,966
SANTIAGO TENANGO,20,967
SAN PABLO HUITZO,20,968
SAN JUAN DEL ESTADO,20,969
MAGDALENA APASCO,20,970
SANTIAGO SUCHILQUITONGO,20,971
SAN JUAN BAUTISTA GUELACHE,20,972
REYES ETLA,20,973
NAZARENO ETLA,20,974
SAN ANDRES ZAUTLA,20,975
SAN AGUSTIN ETLA,20,976
SOLEDAD ETLA,20,977
SANTO TOMAS MAZALTEPEC,20,978
GUADALUPE ETLA,20,979
SAN PABLO ETLA,20,980
SAN FELIPE TEJALAPAM,20,981
SAN LORENZO CACAOTEPEC,20,982
SANTA MARIA PENOLES,20,983
SANTIAGO TLAZOYALTEPEC,20,984
TLALIXTAC DE CABRERA,20,985
SAN JACINTO AMILPAS,20,986
SAN ANDRES HUAYAPAM,20,987
SAN AGUSTIN YATARENI,20,988
SANTO DOMINGO TOMALTEPEC,20,989
SANTA MARIA DEL TULE,20,990
SAN JUAN BAUTISTA TUXTEPEC,20,991
LOMA BONITA,20,992
SAN JOSE INDEPENDENCIA,20,993
COSOLAPA,20,994
ACATLAN DE PEREZ FIGUEROA,20,995
SAN MIGUEL SOYALTEPEC,20,996
AYOTZINTEPEC,20,997
SAN PEDRO IXCATLAN,20,998
SAN JOSE CHILTEPEC,20,999
SAN FELIPE JALAPA DE DIAZ,20,1000
SANTA MARIA JACATEPEC,20,1001
SAN LUCAS OJITLAN,20,1002
SAN JUAN BAUTISTA VALLE NACIONAL,20,1003
SAN FELIPE USILA,20,1004
HUAUTLA DE JIMENEZ,20,1005
SANTA MARIA CHILCHOTLA,20,1006
SANTA ANA ATEIXTLAHUACA,20,1007
SAN LORENZO CUAUNECUILTITLA,20,1008
SAN FRANCISCO HUEHUETLAN,20,1009
SAN PEDRO OCOPETATILLO,20,1010
SANTA CRUZ ACATEPEC,20,1011
ELOXOCHITLAN DE FLORES MAGON,20,1012
SANTIAGO TEXCALCINGO,20,1013
TEOTITLAN DE FLORES MAGON,20,1014
SANTA MARIA TEOPOXCO,20,1015
SAN MARTIN TOXPALAN,20,1016
SAN JERONIMO TECOATL,20,1017
SANTA MARIA LA ASUNCION,20,1018
HUAUTEPEC,20,1019
SAN JUAN COATZOSPAM,20,1020
SAN LUCAS ZOQUIAPAM,20,1021
SAN ANTONIO NANAHUATIPAM,20,1022
SAN JOSE TENANGO,20,1023
SAN MATEO YOLOXOCHITLAN,20,1024
SAN BARTOLOME AYAUTLA,20,1025
MAZATLAN VILLA DE FLORES,20,1026
SAN JUAN DE LOS CUES,20,1027
SANTA MARIA TECOMAVACA,20,1028
SANTA MARIA IXCATLAN,20,1029
SAN JUAN BAUTISTA CUICATLAN,20,1030
CUYAMECALCO VILLA DE ZARAGOZA,20,1031
SANTA ANA CUAUHTEMOC,20,1032
CHIQUIHUITLAN DE BENITO JUAREZ,20,1033
SAN PEDRO TEUTILA,20,1034
SAN MIGUEL SANTA FLOR,20,1035
SANTA MARIA TLALIXTAC,20,1036
SAN ANDRES TEOTILALPAM,20,1037
SAN FRANCISCO CHAPULAPA,20,1038
CONCEPCION PAPALO,20,1039
SANTOS REYES PAPALO,20,1040
SAN JUAN BAUTISTA TLACOATZINTEPEC,20,1041
SANTA MARIA PAPALO,20,1042
SAN JUAN TEPEUXILA,20,1043
SAN PEDRO SOCHIAPAM,20,1044
VALERIO TRUJANO,20,1045
SAN PEDRO JOCOTIPAC,20,1046
SANTA MARIA TEXCATITLAN,20,1047
SAN PEDRO JALTEPETONGO,20,1048
SANTIAGO NACALTEPEC,20,1049
NATIVIDAD,20,1050
SAN JUAN QUIOTEPEC,20,1051
SAN PEDRO YOLOX,20,1052
SANTIAGO COMALTEPEC,20,1053
ABEJONES,20,1054
SAN PABLO MACUILTIANGUIS,20,1055
IXTLAN DE JUAREZ,20,1056
SAN JUAN ATEPEC,20,1057
SAN PEDRO YANERI,20,1058
SAN MIGUEL ALOAPAM,20,1059
TEOCOCUILCO DE MARCOS PEREZ,20,1060
SANTA ANA YARENI,20,1061
SAN JUAN EVANGELISTA ANALCO,20,1062
SANTA MARIA JALTIANGUIS,20,1063
SAN MIGUEL DEL RIO,20,1064
SAN JUAN CHICOMEZUCHIL,20,1065
CAPULALPAM DE MENDEZ,20,1066
NUEVO ZOQUIAPAM,20,1067
SANTIAGO XIACUI,20,1068
GUELATAO DE JUAREZ,20,1069
SANTA CATARINA IXTEPEJI,20,1070
SAN MIGUEL YOTAO,20,1071
SANTA CATARINA LACHATAO,20,1072
SAN MIGUEL AMATLAN,20,1073
SANTA MARIA YAVESIA,20,1074
SANTIAGO LAXOPA,20,1075
SAN ILDEFONSO VILLA ALTA,20,1076
SANTIAGO CAMOTLAN,20,1077
SAN JUAN YAEE,20,1078
SANTIAGO LALOPA,20,1079
SAN JUAN YATZONA,20,1080
VILLA TALEA DE CASTRO,20,1081
TANETZE DE ZARAGOZA,20,1082
SAN JUAN JUQUILA VIJANOS,20,1083
SAN CRISTOBAL LACHIRIOAG,20,1084
SANTA MARIA TEMAXCALAPA,20,1085
SANTO DOMINGO ROAYAGA,20,1086
SANTA MARIA YALINA,20,1087
SAN ANDRES SOLAGA,20,1088
SAN JUAN TABAA,20,1089
SAN MELCHOR BETAZA,20,1090
SAN ANDRES YAA,20,1091
SAN BARTOLOME ZOOGOCHO,20,1092
SAN BALTAZAR YATZACHI EL BAJO,20,1093
SANTIAGO ZOOCHILA,20,1094
VILLA HIDALGO YALALAG,20,1095
SAN FRANCISCO CAJONOS,20,1096
SAN MATEO CAJONOS,20,1097
SAN PEDRO CAJONOS,20,1098
SANTO DOMINGO XAGACIA,20,1099
SAN PABLO YAGANIZA,20,1100
SANTIAGO CHOAPAM,20,1101
SANTIAGO JOCOTEPEC,20,1102
SAN JUAN LALANA,20,1103
SANTIAGO YAVEO,20,1104
SAN JUAN PETLAPA,20,1105
SAN JUAN COMALTEPEC,20,1106
HEROICA CIUDAD DE HUAJUAPAN DE LEON,20,1107
VILLA DE SANTIAGO CHAZUMBA,20,1108
COSOLTEPEC,20,1109
SAN PEDRO Y SAN PABLO TEQUIXTEPEC,20,1110
SAN JUAN BAUTISTA SUCHITEPEC,20,1111
SANTA CATARINA ZAPOQUILA,20,1112
SANTIAGO MILTEPEC,20,1113
SAN JERONIMO SILACAYOAPILLA,20,1114
ZAPOTITLAN PALMAS,20,1115
SAN ANDRES DINICUITI,20,1116
SANTIAGO CACALOXTEPEC,20,1117
ASUNCION CUYOTEPEJI,20,1118
SANTA MARIA CAMOTLAN,20,1119
SANTIAGO HUAJOLOTITLAN,20,1120
SANTIAGO TAMAZOLA,20,1121
SAN JUAN CIENEGUILLA,20,1122
ZAPOTITLAN LAGUNAS,20,1123
SAN JUAN IHUALTEPEC,20,1124
SAN NICOLAS HIDALGO,20,1125
GUADALUPE DE RAMIREZ,20,1126
SAN ANDRES TEPETLAPA,20,1127
SAN MIGUEL AHUEHUETITLAN,20,1128
SAN MATEO NEJAPAM,20,1129
SAN JUAN BAUTISTA TLACHICHILCO,20,1130
TEZOATLAN DE SEGURA Y LUNA,20,1131
FRESNILLO DE TRUJANO,20,1132
SANTIAGO AYUQUILILLA,20,1133
SAN JOSE AYUQUILA,20,1134
SAN MARTIN ZACATEPEC,20,1135
SAN MIGUEL AMATITLAN,20,1136
MARISCALA DE JUAREZ,20,1137
SANTA CRUZ TACACHE DE MINA,20,1138
SAN SIMON ZAHUATLAN,20,1139
SAN MARCOS ARTEAGA,20,1140
SAN JORGE NUCHITA,20,1141
SANTOS REYES YUCUNA,20,1142
SANTO DOMINGO TONALA,20,1143
SANTO DOMINGO YODOHINO,20,1144
SAN JUAN BAUTISTA COIXTLAHUACA,20,1145
TEPELMEME VILLA DE MORELOS,20,1146
CONCEPCION BUENAVISTA,20,1147
SANTIAGO IHUITLAN PLUMAS,20,1148
TLACOTEPEC PLUMAS,20,1149
SAN FRANCISCO TEOPAN,20,1150
SANTA MAGDALENA JICOTLAN,20,1151
SAN MATEO TLAPILTEPEC,20,1152
SAN MIGUEL TEQUIXTEPEC,20,1153
SAN MIGUEL TULANCINGO,20,1154
SANTIAGO TEPETLAPA,20,1155
SAN CRISTOBAL SUCHIXTLAHUACA,20,1156
SANTA MARIA NATIVITAS,20,1157
SILACAYOAPAM,20,1158
SANTIAGO YUCUYACHI,20,1159
SAN LORENZO VICTORIA,20,1160
SAN AGUSTIN ATENANGO,20,1161
CALIHUALA,20,1162
SANTA CRUZ DE BRAVO,20,1163
IXPANTEPEC NIEVES,20,1164
SAN FRANCISCO TLAPANCINGO,20,1165
SANTIAGO DEL RIO,20,1166
SAN PEDRO Y SAN PABLO TEPOSCOLULA,20,1167
LA TRINIDAD VISTA HERMOSA,20,1168
VILLA DE TAMAZULAPAM DEL PROGRESO,20,1169
SAN PEDRO NOPALA,20,1170
TEOTONGO,20,1171
SAN ANTONIO ACUTLA,20,1172
VILLA TEJUPAM DE LA UNION,20,1173
SANTO DOMINGO TONALTEPEC,20,1174
VILLA DE CHILAPA DE DIAZ,20,1175
SAN ANTONINO MONTE VERDE,20,1176
SAN ANDRES LAGUNAS,20,1177
SAN PEDRO YUCUNAMA,20,1178
SAN JUAN TEPOSCOLULA,20,1179
SAN BARTOLO SOYALTEPEC,20,1180
SANTIAGO YOLOMECATL,20,1181
SAN SEBASTIAN NICANANDUTA,20,1182
SANTO DOMINGO TLATAYAPAM,20,1183
SANTA MARIA NDUAYACO,20,1184
SAN VICENTE NUNU,20,1185
SAN PEDRO TOPILTEPEC,20,1186
SANTIAGO NEJAPILLA,20,1187
ASUNCION NOCHIXTLAN,20,1188
SAN MIGUEL HUAUTLA,20,1189
SAN MIGUEL CHICAHUA,20,1190
SANTA MARIA APAZCO,20,1191
SANTIAGO APOALA,20,1192
SANTA MARIA CHACHOAPAM,20,1193
SAN PEDRO COXCALTEPEC CANTAROS,20,1194
SANTIAGO HUAUCLILLA,20,1195
SANTO DOMINGO YANHUITLAN,20,1196
SAN ANDRES SINAXTLA,20,1197
SAN JUAN YUCUITA,20,1198
SAN JUAN SAYULTEPEC,20,1199
SANTIAGO TILLO,20,1200
SAN FRANCISCO CHINDUA,20,1201
SAN MATEO ETLATONGO,20,1202
SANTA INES DE ZARAGOZA,20,1203
SANTIAGO JUXTLAHUACA,20,1204
SAN MIGUEL TLACOTEPEC,20,1205
SAN SEBASTIAN TECOMAXTLAHUACA,20,1206
SANTOS REYES TEPEJILLO,20,1207
SAN JUAN MIXTEPEC -DTO. 08 -,20,1208
SAN MARTIN PERAS,20,1209
COICOYAN DE LAS FLORES,20,1210
HEROICA CIUDAD DE TLAXIACO,20,1211
SAN JUAN NUMI,20,1212
SAN PEDRO MARTIR YUCUXACO,20,1213
SAN MARTIN HUAMELULPAM,20,1214
SANTA CRUZ TAYATA,20,1215
SANTIAGO NUNDICHE,20,1216
SANTA MARIA DEL ROSARIO,20,1217
SAN JUAN ACHIUTLA,20,1218
SANTA CATARINA TAYATA,20,1219
SAN CRISTOBAL AMOLTEPEC,20,1220
SAN MIGUEL ACHIUTLA,20,1221
SAN MARTIN ITUNYOSO,20,1222
MAGDALENA PENASCO,20,1223
SAN BARTOLOME YUCUANE,20,1224
SANTA CRUZ NUNDACO,20,1225
SAN AGUSTIN TLACOTEPEC,20,1226
SANTO TOMAS OCOTEPEC,20,1227
SAN ANTONIO SINICAHUA,20,1228
SAN MATEO PENASCO,20,1229
SANTA MARIA TATALTEPEC,20,1230
SAN PEDRO MOLINOS,20,1231
SANTA MARIA YOSOYUA,20,1232
SAN JUAN TEITA,20,1233
MAGDALENA JALTEPEC,20,1234
MAGDALENA YODOCONO DE PORFIRIO DIAZ,20,1235
SAN MIGUEL TECOMATLAN,20,1236
MAGDALENA ZAHUATLAN,20,1237
SAN FRANCISCO NUXANO,20,1238
SAN PEDRO TIDAA,20,1239
SAN FRANCISCO JALTEPETONGO,20,1240
SANTIAGO TILANTONGO,20,1241
SAN JUAN DIUXI,20,1242
SAN ANDRES NUXINO,20,1243
SAN JUAN TAMAZOLA,20,1244
SANTO DOMINGO NUXAA,20,1245
YUTANDUCHI DE GUERRERO,20,1246
SAN PEDRO TEOZACOALCO,20,1247
SAN MIGUEL PIEDRAS,20,1248
SAN MATEO SINDIHUI,20,1249
JUCHITAN DE ZARAGOZA,20,1250
CIUDAD IXTEPEC,20,1251
EL ESPINAL,20,1252
SANTO DOMINGO INGENIO,20,1253
SANTA MARIA XADANI,20,1254
SANTIAGO NILTEPEC,20,1255
SAN DIONISIO DEL MAR,20,1256
ASUNCION IXTALTEPEC,20,1257
SAN FRANCISCO DEL MAR,20,1258
UNION HIDALGO,20,1259
SAN MIGUEL CHIMALAPA,20,1260
SANTO DOMINGO ZANATEPEC,20,1261
REFORMA DE PINEDA,20,1262
SAN FRANCISCO IXHUATAN,20,1263
SAN PEDRO TAPANATEPEC,20,1264
CHAHUITES,20,1265
SANTIAGO ZACATEPEC,20,1266
SANTO DOMINGO TEPUXTEPEC,20,1267
SAN JUAN COTZOCON,20,1268
SAN JUAN MAZATLAN,20,1269
TOTONTEPEC VILLA DE MORELOS,20,1270
MIXISTLAN DE LA REFORMA,20,1271
SANTA MARIA TLAHUITOLTEPEC,20,1272
SANTA MARIA ALOTEPEC,20,1273
SANTIAGO ATITLAN,20,1274
TAMAZULAPAM DEL ESPIRITU SANTO,20,1275
SAN PEDRO Y SAN PABLO AYUTLA,20,1276
SANTA MARIA TEPANTLALI,20,1277
SAN MIGUEL QUETZALTEPEC,20,1278
ASUNCION CACALOTEPEC,20,1279
SAN PEDRO OCOTEPEC,20,1280
SAN LUCAS CAMOTLAN,20,1281
SANTIAGO IXCUINTEPEC,20,1282
MATIAS ROMERO AVENDANO,20,1283
SAN JUAN GUICHICOVI,20,1284
SANTO DOMINGO PETAPA,20,1285
SANTA MARIA CHIMALAPA,20,1286
SANTA MARIA PETAPA,20,1287
EL BARRIO DE LA SOLEDAD,20,1288
TLACOLULA DE MATAMOROS,20,1289
SAN SEBASTIAN ABASOLO,20,1290
VILLA DIAZ ORDAZ,20,1291
SANTA MARIA GUELACE,20,1292
TEOTITLAN DEL VALLE,20,1293
SAN FRANCISCO LACHIGOLO,20,1294
SAN SEBASTIAN TEITIPAC,20,1295
SANTA ANA DEL VALLE,20,1296
SAN PABLO VILLA DE MITLA,20,1297
SANTIAGO MATATLAN,20,1298
SANTO DOMINGO ALBARRADAS,20,1299
ROJAS DE CUAUHTEMOC,20,1300
SAN JUAN TEITIPAC,20,1301
SANTA CRUZ PAPALUTLA,20,1302
MAGDALENA TEITIPAC,20,1303
SAN JERONIMO TLACOCHAHUAYA,20,1304
SAN JUAN GUELAVIA,20,1305
SAN LUCAS QUIAVINI,20,1306
SAN BARTOLOME QUIALANA,20,1307
SAN LORENZO ALBARRADAS,20,1308
SAN PEDRO TOTOLAPAM,20,1309
SAN PEDRO QUIATONI,20,1310
SANTA MARIA ZOQUITLAN,20,1311
SAN DIONISIO OCOTEPEC,20,1312
SAN CARLOS YAUTEPEC,20,1313
SAN JUAN JUQUILA MIXES,20,1314
NEJAPA DE MADERO,20,1315
SANTA ANA TAVELA,20,1316
SAN JUAN LAJARCIA,20,1317
SAN BARTOLO YAUTEPEC,20,1318
SANTA MARIA ECATEPEC,20,1319
ASUNCION TLACOLULITA,20,1320
SAN PEDRO MARTIR QUIECHAPA,20,1321
SANTA MARIA QUIEGOLANI,20,1322
SANTA CATARINA QUIOQUITANI,20,1323
SANTA CATALINA QUIERI,20,1324
SALINA CRUZ,20,1325
SANTIAGO LACHIGUIRI,20,1326
SANTA MARIA JALAPA DEL MARQUES,20,1327
SANTA MARIA TOTOLAPILLA,20,1328
SANTIAGO LAOLLAGA,20,1329
GUEVEA DE HUMBOLDT,20,1330
SANTO DOMINGO CHIHUITAN,20,1331
SANTA MARIA GUIENAGATI,20,1332
MAGDALENA TEQUISISTLAN,20,1333
MAGDALENA TLACOTEPEC,20,1334
SAN PEDRO COMITANCILLO,20,1335
SANTA MARIA MIXTEQUILLA,20,1336
SANTO DOMINGO TEHUANTEPEC,20,1337
SAN PEDRO HUAMELULA,20,1338
SAN PEDRO HUILOTEPEC,20,1339
SAN MATEO DEL MAR,20,1340
HEROICA VILLA DE SAN BLAS ATEMPA,20,1341
SANTIAGO ASTATA,20,1342
SAN MIGUEL TENANGO,20,1343
MIAHUATLAN DE PORFIRIO DIAZ,20,1344
SAN SIMON ALMOLONGAS,20,1345
SAN LUIS AMATLAN,20,1346
SAN JOSE LACHIGUIRI,20,1347
SITIO DE XITLAPEHUA,20,1348
SAN FRANCISCO LOGUECHE,20,1349
SANTA ANA,20,1350
SANTA CRUZ XITLA,20,1351
MONJAS,20,1352
SAN ILDEFONSO AMATLAN,20,1353
SANTA CATARINA CUIXTLA,20,1354
SAN JOSE DEL PENASCO,20,1355
SAN CRISTOBAL AMATLAN,20,1356
SAN JUAN MIXTEPEC -DTO. 26 -,20,1357
SAN PEDRO MIXTEPEC -DTO. 26 -,20,1358
SANTA LUCIA MIAHUATLAN,20,1359
SAN JERONIMO COATLAN,20,1360
SAN SEBASTIAN COATLAN,20,1361
SAN PABLO COATLAN,20,1362
SAN MATEO RIO HONDO,20,1363
SANTO TOMAS TAMAZULAPAN,20,1364
SAN ANDRES PAXTLAN,20,1365
SANTA MARIA OZOLOTEPEC,20,1366
SAN MIGUEL COATLAN,20,1367
SAN SEBASTIAN RIO HONDO,20,1368
SAN MIGUEL SUCHIXTEPEC,20,1369
SANTO DOMINGO OZOLOTEPEC,20,1370
SAN FRANCISCO OZOLOTEPEC,20,1371
SANTIAGO XANICA,20,1372
SAN MARCIAL OZOLOTEPEC,20,1373
SAN JUAN OZOLOTEPEC,20,1374
SAN PEDRO POCHUTLA,20,1375
SANTO DOMINGO DE MORELOS,20,1376
SANTA CATARINA LOXICHA,20,1377
SAN AGUSTIN LOXICHA,20,1378
SAN BALTAZAR LOXICHA,20,1379
SANTA MARIA COLOTEPEC,20,1380
SAN BARTOLOME LOXICHA,20,1381
SANTA MARIA TONAMECA,20,1382
CANDELARIA LOXICHA,20,1383
PLUMA HIDALGO,20,1384
SAN PEDRO EL ALTO,20,1385
SAN MATEO PINAS,20,1386
SANTA MARIA HUATULCO,20,1387
SAN MIGUEL DEL PUERTO,20,1388
PUTLA VILLA DE GUERRERO,20,1389
CONSTANCIA DEL ROSARIO,20,1390
MESONES HIDALGO,20,1391
SANTA MARIA ZACATEPEC,20,1392
SAN PEDRO AMUZGOS,20,1393
LA REFORMA,20,1394
SANTA MARIA IPALAPA,20,1395
CHALCATONGO DE HIDALGO,20,1396
SANTA MARIA YUCUHITI,20,1397
SAN ESTEBAN ATATLAHUCA,20,1398
SANTA CATARINA TICUA,20,1399
SANTIAGO NUYOO,20,1400
SANTA CATARINA YOSONOTU,20,1401
SAN MIGUEL EL GRANDE,20,1402
SANTO DOMINGO IXCATLAN,20,1403
SAN PABLO TIJALTEPEC,20,1404
SANTA CRUZ TACAHUA,20,1405
SANTA LUCIA MONTEVERDE,20,1406
SAN ANDRES CABECERA NUEVA,20,1407
SANTA MARIA YOLOTEPEC,20,1408
SANTIAGO YOSONDUA,20,1409
SANTA CRUZ ITUNDUJIA,20,1410
ZIMATLAN DE ALVAREZ,20,1411
SAN BERNARDO MIXTEPEC,20,1412
SANTA CRUZ MIXTEPEC,20,1413
SAN MIGUEL MIXTEPEC,20,1414
SANTA MARIA ATZOMPA,20,1415
SAN ANDRES IXTLAHUACA,20,1416
SANTA CRUZ AMILPAS,20,1417
SANTA CRUZ XOXOCOTLAN,20,1418
SANTA LUCIA DEL CAMINO,20,1419
SAN PEDRO IXTLAHUACA,20,1420
SAN ANTONIO DE LA CAL,20,1421
SAN AGUSTIN DE LAS JUNTAS,20,1422
SAN PABLO HUIXTEPEC,20,1423
ANIMAS TRUJANO,20,1424
SAN JACINTO TLACOTEPEC,20,1425
SAN RAYMUNDO JALPAN,20,1426
TRINIDAD ZAACHILA,20,1427
SANTA MARIA COYOTEPEC,20,1428
SAN BARTOLO COYOTEPEC,20,1429
SANTA INES YATZECHE,20,1430
CIENEGA DE ZIMATLAN,20,1431
SAN ANTONIO HUITEPEC,20,1432
VILLA DE ZAACHILA,20,1433
SAN SEBASTIAN TUTLA,20,1434
SAN MIGUEL PERAS,20,1435
SAN PABLO CUATRO VENADOS,20,1436
SANTA INES DEL MONTE,20,1437
SANTA GERTRUDIS,20,1438
SAN ANTONINO EL ALTO,20,1439
MAGDALENA MIXTEPEC,20,1440
SANTA CATARINA QUIANE,20,1441
AYOQUEZCO DE ALDAMA,20,1442
SANTA ANA TLAPACOYAN,20,1443
SANTA CRUZ ZENZONTEPEC,20,1444
SAN FRANCISCO CAHUACUA,20,1445
SAN MATEO YUCUTINDOO,20,1446
SANTIAGO TEXTITLAN,20,1447
SANTIAGO AMOLTEPEC,20,1448
SANTA MARIA ZANIZA,20,1449
SANTO DOMINGO TEOJOMULCO,20,1450
CUILAPAM DE GUERRERO,20,1451
VILLA SOLA DE VEGA,20,1452
SANTA MARIA LACHIXIO,20,1453
SAN VICENTE LACHIXIO,20,1454
SAN LORENZO TEXMELUCAN,20,1455
SANTA MARIA SOLA,20,1456
SAN FRANCISCO SOLA,20,1457
SAN ILDEFONSO SOLA,20,1458
SANTIAGO MINAS,20,1459
HEROICA CIUDAD DE EJUTLA DE CRESPO,20,1460
SAN MARTIN TILCAJETE,20,1461
SANTO TOMAS JALIEZA,20,1462
SAN JUAN CHILATECA,20,1463
OCOTLAN DE MORELOS,20,1464
SANTA ANA ZEGACHE,20,1465
SANTIAGO APOSTOL,20,1466
SAN ANTONINO CASTILLO VELASCO,20,1467
ASUNCION OCOTLAN,20,1468
SAN PEDRO MARTIR,20,1469
SAN DIONISIO OCOTLAN,20,1470
MAGDALENA OCOTLAN,20,1471
SAN MIGUEL TILQUIAPAM,20,1472
SANTA CATARINA MINAS,20,1473
SAN BALTAZAR CHICHICAPAM,20,1474
SAN PEDRO APOSTOL,20,1475
SANTA LUCIA OCOTLAN,20,1476
SAN JERONIMO TAVICHE,20,1477
SAN ANDRES ZABACHE,20,1478
SAN JOSE DEL PROGRESO,20,1479
YAXE,20,1480
SAN PEDRO TAVICHE,20,1481
SAN MARTIN DE LOS CANSECOS,20,1482
SAN MARTIN LACHILA,20,1483
LA PE,20,1484
LA COMPANIA,20,1485
COATECAS ALTAS,20,1486
SAN JUAN LACHIGALLA,20,1487
SAN AGUSTIN AMATENGO,20,1488
TANICHE,20,1489
SAN MIGUEL EJUTLA,20,1490
YOGANA,20,1491
SAN VICENTE COATLAN,20,1492
SANTIAGO PINOTEPA NACIONAL,20,1493
SAN JUAN CACAHUATEPEC,20,1494
SAN JUAN BAUTISTA LO DE SOTO,20,1495
MARTIRES DE TACUBAYA,20,1496
SAN SEBASTIAN IXCAPA,20,1497
SAN ANTONIO TEPETLAPA,20,1498
SANTA MARIA CORTIJO,20,1499
SANTIAGO LLANO GRANDE,20,1500
SAN MIGUEL TLACAMAMA,20,1501
SANTIAGO TAPEXTLA,20,1502
SAN JOSE ESTANCIA GRANDE,20,1503
SANTO DOMINGO ARMENTA,20,1504
SANTIAGO JAMILTEPEC,20,1505
SAN PEDRO ATOYAC,20,1506
SAN JUAN COLORADO,20,1507
SANTIAGO IXTAYUTLA,20,1508
SAN PEDRO JICAYAN,20,1509
PINOTEPA DE DON LUIS,20,1510
SAN LORENZO,20,1511
SAN AGUSTIN CHAYUCO,20,1512
SAN ANDRES HUAXPALTEPEC,20,1513
SANTA CATARINA MECHOACAN,20,1514
SANTIAGO TETEPEC,20,1515
SANTA MARIA HUAZOLOTITLAN,20,1516
VILLA DE TUTUTEPEC,20,1517
TATALTEPEC DE VALDES,20,1518
SAN JUAN QUIAHIJE,20,1519
SAN MIGUEL PANIXTLAHUACA,20,1520
SANTA CATARINA JUQUILA,20,1521
SAN PEDRO JUCHATENGO,20,1522
SANTIAGO YAITEPEC,20,1523
SAN JUAN LACHAO,20,1524
SANTA MARIA TEMAXCALTEPEC,20,1525
SANTOS REYES NOPALA,20,1526
SAN GABRIEL MIXTEPEC,20,1527
SAN PEDRO MIXTEPEC -DTO. 22 -,20,1528
PUEBLA,21,1529
TLALTENANGO,21,1530
SAN MIGUEL XOXTLA,21,1531
JUAN C. BONILLA,21,1532
CORONANGO,21,1533
CUAUTLANCINGO,21,1534
SAN PEDRO CHOLULA,21,1535
SAN ANDRES CHOLULA,21,1536
OCOYUCAN,21,1537
AMOZOC,21,1538
FRANCISCO Z. MENA,21,1539
JALPAN,21,1540
TLAXCO,21,1541
TLACUILOTEPEC,21,1542
XICOTEPEC,21,1543
PAHUATLAN,21,1544
HONEY,21,1545
NAUPAN,21,1546
HUAUCHINANGO,21,1547
AHUAZOTEPEC,21,1548
JUAN GALINDO,21,1549
TLAOLA,21,1550
ZIHUATEUTLA,21,1551
JOPALA,21,1552
TLAPACOYA,21,1553
CHIGNAHUAPAN,21,1554
ZACATLAN,21,1555
CHICONCUAUTLA,21,1556
TEPETZINTLA,21,1557
SAN FELIPE TEPATLAN,21,1558
AMIXTLAN,21,1559
TEPANGO DE RODRIGUEZ,21,1560
ZONGOZOTLA,21,1561
HERMENEGILDO GALEANA,21,1562
OLINTLA,21,1563
COATEPEC,21,1564
CAMOCUAUTLA,21,1565
HUEYTLALPAN,21,1566
ZAPOTITLAN DE MENDEZ,21,1567
HUITZILAN DE SERDAN,21,1568
XOCHITLAN DE VICENTE SUAREZ,21,1569
IXTEPEC,21,1570
ATLEQUIZAYAN,21,1571
TENAMPULCO,21,1572
TUZAMAPAN DE GALEANA,21,1573
CAXHUACAN,21,1574
JONOTLA,21,1575
ZOQUIAPAN,21,1576
NAUZONTLA,21,1577
CUETZALAN DEL PROGRESO,21,1578
AYOTOXCO DE GUERRERO,21,1579
HUEYTAMALCO,21,1580
ACATENO,21,1581
CUAUTEMPAN,21,1582
AQUIXTLA,21,1583
TETELA DE OCAMPO,21,1584
XOCHIAPULCO,21,1585
ZACAPOAXTLA,21,1586
IXTACAMAXTITLAN,21,1587
ZAUTLA,21,1588
LIBRES,21,1589
TEZIUTLAN,21,1590
TLATLAUQUITEPEC,21,1591
YAONAHUAC,21,1592
TETELES DE AVILA CASTILLO,21,1593
ATEMPAN,21,1594
CHIGNAUTLA,21,1595
XIUTETELCO,21,1596
CUYOACO,21,1597
TEPEYAHUALCO,21,1598
SAN MARTIN TEXMELUCAN,21,1599
TLAHUAPAN,21,1600
SAN MATIAS TLALANCALECA,21,1601
SAN SALVADOR EL VERDE,21,1602
SAN FELIPE TEOTLALCINGO,21,1603
CHIAUTZINGO,21,1604
HUEJOTZINGO,21,1605
DOMINGO ARENAS,21,1606
CALPAN,21,1607
SAN NICOLAS DE LOS RANCHOS,21,1608
ATLIXCO,21,1609
NEALTICAN,21,1610
SAN JERONIMO TECUANIPAN,21,1611
SAN GREGORIO ATZOMPA,21,1612
TOCHIMILCO,21,1613
TIANGUISMANALCO,21,1614
SANTA ISABEL CHOLULA,21,1615
HUAQUECHULA,21,1616
SAN DIEGO LA MESA TOCHIMILTZINGO,21,1617
TEPEOJUMA,21,1618
IZUCAR DE MATAMOROS,21,1619
ATZITZIHUACAN,21,1620
ACTEOPAN,21,1621
COHUECAN,21,1622
TEPEMAXALCO,21,1623
TLAPANALA,21,1624
TEPEXCO,21,1625
TILAPA,21,1626
CHIETLA,21,1627
ATZALA,21,1628
TEOPANTLAN,21,1629
SAN MARTIN TOTOLTEPEC,21,1630
XOCHILTEPEC,21,1631
EPATLAN,21,1632
AHUATLAN,21,1633
COATZINGO,21,1634
SANTA CATARINA TLALTEMPAN,21,1635
CHIGMECATITLAN,21,1636
ZACAPALA,21,1637
TEPEXI DE RODRIGUEZ,21,1638
TEOTLALCO,21,1639
JOLALPAN,21,1640
HUEHUETLAN EL CHICO,21,1641
COHETZALA,21,1642
XICOTLAN,21,1643
CHILA DE LA SAL,21,1644
IXCAMILPA DE GUERRERO,21,1645
ALBINO ZERTUCHE,21,1646
TULCINGO,21,1647
TEHUITZINGO,21,1648
CUAYUCA DE ANDRADE,21,1649
SANTA INES AHUATEMPAN,21,1650
AXUTLA,21,1651
CHINANTLA,21,1652
AHUEHUETITLA,21,1653
SAN PABLO ANICANO,21,1654
TECOMATLAN,21,1655
PIAXTLA,21,1656
IXCAQUIXTLA,21,1657
XAYACATLAN DE BRAVO,21,1658
TOTOLTEPEC DE GUERRERO,21,1659
SAN JERONIMO XAYACATLAN,21,1660
SAN PEDRO YELOIXTLAHUACA,21,1661
PETLALCINGO,21,1662
SAN MIGUEL IXITLAN,21,1663
CHILA,21,1664
RAFAEL LARA GRAJALES,21,1665
SAN JOSE CHIAPA,21,1666
ORIENTAL,21,1667
SAN NICOLAS BUENOS AIRES,21,1668
TLACHICHUCA,21,1669
LAFRAGUA,21,1670
CHILCHOTLA,21,1671
QUIMIXTLAN,21,1672
CHICHIQUILA,21,1673
TEPATLAXCO DE HIDALGO,21,1674
ACAJETE,21,1675
NOPALUCAN,21,1676
MAZAPILTEPEC DE JUAREZ,21,1677
SOLTEPEC,21,1678
ACATZINGO,21,1679
SAN SALVADOR EL SECO,21,1680
GENERAL FELIPE ANGELES,21,1681
ALJOJUCA,21,1682
SAN JUAN ATENCO,21,1683
TEPEACA,21,1684
CUAUTINCHAN,21,1685
TECALI DE HERRERA,21,1686
MIXTLA,21,1687
SANTO TOMAS HUEYOTLIPAN,21,1688
TZICATLACOYAN,21,1689
HUEHUETLAN EL GRANDE,21,1690
LA MAGDALENA TLATLAUQUITEPEC,21,1691
SAN JUAN ATZOMPA,21,1692
HUATLATLAUCA,21,1693
LOS REYES DE JUAREZ,21,1694
CUAPIAXTLA DE MADERO,21,1695
SAN SALVADOR HUIXCOLOTLA,21,1696
QUECHOLAC,21,1697
TECAMACHALCO,21,1698
PALMAR DE BRAVO,21,1699
CHALCHICOMULA DE SESMA,21,1700
ATZITZINTLA,21,1701
ESPERANZA,21,1702
CANADA MORELOS,21,1703
TLANEPANTLA,21,1704
TOCHTEPEC,21,1705
ATOYATEMPAN,21,1706
TEPEYAHUALCO DE CUAUHTEMOC,21,1707
HUITZILTEPEC,21,1708
MOLCAXAC,21,1709
XOCHITLAN TODOS SANTOS,21,1710
YEHUALTEPEC,21,1711
TLACOTEPEC DE BENITO JUAREZ,21,1712
JUAN N. MENDEZ,21,1713
TEHUACAN,21,1714
TEPANCO DE LOPEZ,21,1715
CHAPULCO,21,1716
SANTIAGO MIAHUATLAN,21,1717
NICOLAS BRAVO,21,1718
ATEXCAL,21,1719
SAN ANTONIO CANADA,21,1720
ZAPOTITLAN,21,1721
SAN GABRIEL CHILAC,21,1722
CALTEPEC,21,1723
AJALPAN,21,1724
ZOQUITLAN,21,1725
SAN SEBASTIAN TLACOTEPEC,21,1726
ALTEPEXI,21,1727
ZINACATEPEC,21,1728
SAN JOSE MIAHUATLAN,21,1729
COXCATLAN,21,1730
COYOMEAPAN,21,1731
QUERETARO,22,1732
EL MARQUES,22,1733
COLON,22,1734
PINAL DE AMOLES,22,1735
JALPAN DE SERRA,22,1736
LANDA DE MATAMOROS,22,1737
ARROYO SECO,22,1738
PENAMILLER,22,1739
CADEREYTA DE MONTES,22,1740
SAN JOAQUIN,22,1741
EZEQUIEL MONTES,22,1742
PEDRO ESCOBEDO,22,1743
TEQUISQUIAPAN,22,1744
AMEALCO DE BONFIL,22,1745
CORREGIDORA,22,1746
HUIMILPAN,22,1747
OTHON P. BLANCO,23,1748
FELIPE CARRILLO PUERTO,23,1749
ISLA MUJERES,23,1750
PUERTO MORELOS,23,1751
COZUMEL,23,1752
SOLIDARIDAD,23,1753
TULUM,23,1754
JOSE MARIA MORELOS,23,1755
BACALAR,23,1756
SAN LUIS POTOSI,24,1757
VILLA DE POZOS,24,1758
SOLEDAD DE GRACIANO SANCHEZ,24,1759
CERRO DE SAN PEDRO,24,1760
AHUALULCO DEL SONIDO 13,24,1761
MEXQUITIC DE CARMONA,24,1762
VILLA DE ARRIAGA,24,1763
VANEGAS,24,1764
CEDRAL,24,1765
CATORCE,24,1766
CHARCAS,24,1767
SALINAS,24,1768
SANTO DOMINGO,24,1769
VILLA DE RAMOS,24,1770
MATEHUALA,24,1771
VILLA DE LA PAZ,24,1772
VILLA DE GUADALUPE,24,1773
GUADALCAZAR,24,1774
MOCTEZUMA,24,1775
VENADO,24,1776
VILLA DE ARISTA,24,1777
ARMADILLO DE LOS INFANTE,24,1778
CIUDAD VALLES,24,1779
EBANO,24,1780
TAMUIN,24,1781
EL NARANJO,24,1782
CIUDAD DEL MAIZ,24,1783
ALAQUINES,24,1784
CARDENAS,24,1785
CERRITOS,24,1786
VILLA JUAREZ,24,1787
SAN NICOLAS TOLENTINO,24,1788
VILLA DE REYES,24,1789
SANTA MARIA DEL RIO,24,1790
TIERRA NUEVA,24,1791
RIOVERDE,24,1792
CIUDAD FERNANDEZ,24,1793
SAN CIRO DE ACOSTA,24,1794
TAMASOPO,24,1795
AQUISMON,24,1796
TANCANHUITZ,24,1797
TANLAJAS,24,1798
SAN VICENTE TANCUAYALAB,24,1799
SAN ANTONIO,24,1800
TANQUIAN DE ESCOBEDO,24,1801
TAMPAMOLON CORONA,24,1802
HUEHUETLAN,24,1803
XILITLA,24,1804
AXTLA DE TERRAZAS,24,1805
TAMPACAN,24,1806
SAN MARTIN CHALCHICUAUTLA,24,1807
TAMAZUNCHALE,24,1808
MATLAPA,24,1809
CULIACAN,25,1810
NAVOLATO,25,1811
ELDORADO,25,1812
BADIRAGUATO,25,1813
COSALA,25,1814
MOCORITO,25,1815
GUASAVE,25,1816
JUAN JOSE RIOS,25,1817
AHOME,25,1818
SALVADOR ALVARADO,25,1819
ANGOSTURA,25,1820
CHOIX,25,1821
EL FUERTE,25,1822
SINALOA,25,1823
MAZATLAN,25,1824
ESCUINAPA,25,1825
CONCORDIA,25,1826
ELOTA,25,1827
SAN IGNACIO,25,1828
HERMOSILLO,26,1829
SAN MIGUEL DE HORCASITAS,26,1830
CARBO,26,1831
SAN LUIS RIO COLORADO,26,1832
PUERTO PENASCO,26,1833
GENERAL PLUTARCO ELIAS CALLES,26,1834
CABORCA,26,1835
ALTAR,26,1836
TUBUTAMA,26,1837
ATIL,26,1838
OQUITOA,26,1839
SARIC,26,1840
BENJAMIN HILL,26,1841
TRINCHERAS,26,1842
PITIQUITO,26,1843
NOGALES,26,1844
IMURIS,26,1845
SANTA CRUZ,26,1846
NACO,26,1847
AGUA PRIETA,26,1848
FRONTERAS,26,1849
NACOZARI DE GARCIA,26,1850
BAVISPE,26,1851
BACERAC,26,1852
HUACHINERA,26,1853
NACORI CHICO,26,1854
GRANADOS,26,1855
BACADEHUACHI,26,1856
CUMPAS,26,1857
HUASABAS,26,1858
CANANEA,26,1859
ARIZPE,26,1860
CUCURPE,26,1861
BACOACHI,26,1862
SAN PEDRO DE LA CUEVA,26,1863
DIVISADEROS,26,1864
TEPACHE,26,1865
VILLA PESQUEIRA,26,1866
OPODEPE,26,1867
HUEPAC,26,1868
BANAMICHI,26,1869
URES,26,1870
ACONCHI,26,1871
BAVIACORA,26,1872
SAN FELIPE DE JESUS,26,1873
CAJEME,26,1874
NAVOJOA,26,1875
HUATABAMPO,26,1876
BACUM,26,1877
ETCHOJOA,26,1878
EMPALME,26,1879
GUAYMAS,26,1880
SAN IGNACIO RIO MUERTO,26,1881
LA COLORADA,26,1882
SUAQUI GRANDE,26,1883
SAHUARIPA,26,1884
SAN JAVIER,26,1885
SOYOPA,26,1886
BACANORA,26,1887
ARIVECHI,26,1888
QUIRIEGO,26,1889
ONAVAS,26,1890
ALAMOS,26,1891
YECORA,26,1892
CENTRO,27,1893
JALPA DE MENDEZ,27,1894
NACAJUCA,27,1895
COMALCALCO,27,1896
HUIMANGUILLO,27,1897
PARAISO,27,1898
CUNDUACAN,27,1899
MACUSPANA,27,1900
CENTLA,27,1901
JONUTA,27,1902
TEAPA,27,1903
JALAPA,27,1904
TACOTALPA,27,1905
TENOSIQUE,27,1906
BALANCAN,27,1907
LLERA,28,1908
GUEMEZ,28,1909
CASAS,28,1910
VALLE HERMOSO,28,1911
CRUILLAS,28,1912
SOTO LA MARINA,28,1913
SAN CARLOS,28,1914
PADILLA,28,1915
MAINERO,28,1916
TULA,28,1917
JAUMAVE,28,1918
MIQUIHUANA,28,1919
PALMILLAS,28,1920
NUEVO LAREDO,28,1921
MIGUEL ALEMAN,28,1922
MIER,28,1923
GUSTAVO DIAZ ORDAZ,28,1924
REYNOSA,28,1925
RIO BRAVO,28,1926
MENDEZ,28,1927
BURGOS,28,1928
TAMPICO,28,1929
CIUDAD MADERO,28,1930
ALTAMIRA,28,1931
GONZALEZ,28,1932
XICOTENCATL,28,1933
EL MANTE,28,1934
ANTIGUO MORELOS,28,1935
NUEVO MORELOS,28,1936
TLAXCALA,29,1937
IXTACUIXTLA DE MARIANO MATAMOROS,29,1938
SANTA ANA NOPALUCAN,29,1939
PANOTLA,29,1940
TOTOLAC,29,1941
TEPEYANCO,29,1942
SANTA ISABEL XILOXOXTLA,29,1943
SAN JUAN HUACTZINCO,29,1944
CALPULALPAN,29,1945
SANCTORUM DE LAZARO CARDENAS,29,1946
HUEYOTLIPAN,29,1947
NANACAMILPA DE MARIANO ARISTA,29,1948
ESPANITA,29,1949
APIZACO,29,1950
ATLANGATEPEC,29,1951
MUNOZ DE DOMINGO ARENAS,29,1952
TETLA DE LA SOLIDARIDAD,29,1953
XALTOCAN,29,1954
SAN LUCAS TECOPILCO,29,1955
YAUHQUEMEHCAN,29,1956
XALOZTOC,29,1957
TOCATLAN,29,1958
TZOMPANTEPEC,29,1959
SAN JOSE TEACALCO,29,1960
HUAMANTLA,29,1961
TERRENATE,29,1962
ATLTZAYANCA,29,1963
CUAPIAXTLA,29,1964
EL CARMEN TEQUEXQUITLA,29,1965
IXTENCO,29,1966
ZILTLALTEPEC DE TRINIDAD SANCHEZ SANTOS,29,1967
APETATITLAN DE ANTONIO CARVAJAL,29,1968
AMAXAC DE GUERRERO,29,1969
SANTA CRUZ TLAXCALA,29,1970
CUAXOMULCO,29,1971
CONTLA DE JUAN CUAMATZI,29,1972
TEPETITLA DE LARDIZABAL,29,1973
NATIVITAS,29,1974
SANTA APOLONIA TEACALCO,29,1975
TETLATLAHUCA,29,1976
SAN DAMIAN TEXOLOC,29,1977
SAN JERONIMO ZACUALPAN,29,1978
ZACATELCO,29,1979
SAN LORENZO AXOCOMANITLA,29,1980
SANTA CATARINA AYOMETLA,29,1981
XICOHTZINCO,29,1982
PAPALOTLA DE XICOHTENCATL,29,1983
CHIAUTEMPAN,29,1984
LA MAGDALENA TLALTELULCO,29,1985
SAN FRANCISCO TETLANOHCAN,29,1986
TEOLOCHOLCO,29,1987
ACUAMANALA DE MIGUEL HIDALGO,29,1988
SANTA CRUZ QUILEHTLA,29,1989
MAZATECOCHCO DE JOSE MARIA MORELOS,29,1990
SAN PABLO DEL MONTE,29,1991
XALAPA,30,1992
TLALNELHUAYOCAN,30,1993
XICO,30,1994
IXHUACAN DE LOS REYES,30,1995
AYAHUALULCO,30,1996
PEROTE,30,1997
BANDERILLA,30,1998
RAFAEL LUCIO,30,1999
LAS VIGAS DE RAMIREZ,30,2000
VILLA ALDAMA,30,2001
TLACOLULAN,30,2002
TONAYAN,30,2003
COACOATZINTLA,30,2004
NAOLINCO,30,2005
MIAHUATLAN,30,2006
TEPETLAN,30,2007
JUCHIQUE DE FERRER,30,2008
ALTO LUCERO DE GUTIERREZ BARRIOS,30,2009
TEOCELO,30,2010
COSAUTLAN DE CARVAJAL,30,2011
APAZAPAN,30,2012
PUENTE NACIONAL,30,2013
URSULO GALVAN,30,2014
PASO DE OVEJAS,30,2015
LA ANTIGUA,30,2016
VERACRUZ,30,2017
PANUCO,30,2018
PUEBLO VIEJO,30,2019
TAMPICO ALTO,30,2020
TEMPOAL,30,2021
OZULUAMA DE MASCARENAS,30,2022
TANTOYUCA,30,2023
PLATON SANCHEZ,30,2024
CHICONAMEL,30,2025
CHALMA,30,2026
CHONTLA,30,2027
CITLALTEPETL,30,2028
IXCATEPEC,30,2029
NARANJOS AMATLAN,30,2030
EL HIGO,30,2031
CHINAMPA DE GOROSTIZA,30,2032
TANTIMA,30,2033
TAMALIN,30,2034
CERRO AZUL,30,2035
TANCOCO,30,2036
TAMIAHUA,30,2037
HUAYACOCOTLA,30,2038
ILAMATLAN,30,2039
ZONTECOMATLAN DE LOPEZ Y FUENTES,30,2040
TEXCATEPEC,30,2041
TLACHICHILCO,30,2042
IXHUATLAN DE MADERO,30,2043
CHICONTEPEC,30,2044
ALAMO TEMAPACHE,30,2045
TIHUATLAN,30,2046
CASTILLO DE TEAYO,30,2047
CAZONES DE HERRERA,30,2048
ZOZOCOLCO DE HIDALGO,30,2049
CHUMATLAN,30,2050
COXQUIHUI,30,2051
MECATLAN,30,2052
FILOMENO MATA,30,2053
COAHUITLAN,30,2054
COYUTLA,30,2055
COATZINTLA,30,2056
ESPINAL,30,2057
POZA RICA DE HIDALGO,30,2058
PAPANTLA,30,2059
GUTIERREZ ZAMORA,30,2060
TECOLUTLA,30,2061
MARTINEZ DE LA TORRE,30,2062
SAN RAFAEL,30,2063
TLAPACOYAN,30,2064
JALACINGO,30,2065
ATZALAN,30,2066
ALTOTONGA,30,2067
LAS MINAS,30,2068
TATATILA,30,2069
TENOCHTITLAN,30,2070
NAUTLA,30,2071
MISANTLA,30,2072
LANDERO Y COSS,30,2073
CHICONQUIACO,30,2074
YECUATLA,30,2075
COLIPA,30,2076
VEGA DE ALATORRE,30,2077
JALCOMULCO,30,2078
TLALTETELA,30,2079
TENAMPA,30,2080
TOTUTLA,30,2081
SOCHIAPA,30,2082
TLACOTEPEC DE MEJIA,30,2083
HUATUSCO,30,2084
CALCAHUALCO,30,2085
ALPATLAHUAC,30,2086
COSCOMATEPEC,30,2087
LA PERLA,30,2088
CHOCAMAN,30,2089
IXHUATLAN DEL CAFE,30,2090
TEPATLAXCO,30,2091
COMAPA,30,2092
ZENTLA,30,2093
CAMARON DE TEJEDA,30,2094
SOLEDAD DE DOBLADO,30,2095
MANLIO FABIO ALTAMIRANO,30,2096
JAMAPA,30,2097
MEDELLIN DE BRAVO,30,2098
BOCA DEL RIO,30,2099
ORIZABA,30,2100
RAFAEL DELGADO,30,2101
MARIANO ESCOBEDO,30,2102
IXHUATLANCILLO,30,2103
ATZACAN,30,2104
IXTACZOQUITLAN,30,2105
FORTIN,30,2106
CORDOBA,30,2107
MALTRATA,30,2108
RIO BLANCO,30,2109
CAMERINO Z. MENDOZA,30,2110
ACULTZINGO,30,2111
SOLEDAD ATZOMPA,30,2112
HUILOAPAN DE CUAUHTEMOC,30,2113
TLAQUILPA,30,2114
ASTACINGA,30,2115
ATLAHUILCO,30,2116
SAN ANDRES TENEJAPAN,30,2117
TLILAPAN,30,2118
NARANJAL,30,2119
COETZALA,30,2120
OMEALCA,30,2121
CUITLAHUAC,30,2122
CUICHAPA,30,2123
YANGA,30,2124
AMATLAN DE LOS REYES,30,2125
PASO DEL MACHO,30,2126
CARRILLO PUERTO,30,2127
COTAXTLA,30,2128
ZONGOLICA,30,2129
TEHUIPANGO,30,2130
MIXTLA DE ALTAMIRANO,30,2131
TEXHUACAN,30,2132
TEZONAPA,30,2133
TLALIXCOYAN,30,2134
IGNACIO DE LA LLAVE,30,2135
ALVARADO,30,2136
LERDO DE TEJADA,30,2137
TRES VALLES,30,2138
CARLOS A. CARRILLO,30,2139
COSAMALOAPAN DE CARPIO,30,2140
IXMATLAHUACAN,30,2141
ACULA,30,2142
AMATITLAN,30,2143
TLACOTALPAN,30,2144
SALTABARRANCA,30,2145
OTATITLAN,30,2146
TLACOJALPAN,30,2147
TUXTILLA,30,2148
CHACALTIANGUIS,30,2149
JOSE AZUETA,30,2150
PLAYA VICENTE,30,2151
SANTIAGO SOCHIAPAN,30,2152
ISLA,30,2153
JUAN RODRIGUEZ CLARA,30,2154
SAN ANDRES TUXTLA,30,2155
SANTIAGO TUXTLA,30,2156
ANGEL R. CABADA,30,2157
HUEYAPAN DE OCAMPO,30,2158
CATEMACO,30,2159
SOTEAPAN,30,2160
MECAYAPAN,30,2161
TATAHUICAPAN DE JUAREZ,30,2162
PAJAPAN,30,2163
CHINAMECA,30,2164
ACAYUCAN,30,2165
SAN JUAN EVANGELISTA,30,2166
SAYULA DE ALEMAN,30,2167
OLUTA,30,2168
SOCONUSCO,30,2169
TEXISTEPEC,30,2170
JALTIPAN,30,2171
OTEAPAN,30,2172
COSOLEACAQUE,30,2173
NANCHITAL DE LAZARO CARDENAS DEL RIO,30,2174
IXHUATLAN DEL SURESTE,30,2175
MOLOACAN,30,2176
COATZACOALCOS,30,2177
AGUA DULCE,30,2178
HIDALGOTITLAN,30,2179
JESUS CARRANZA,30,2180
LAS CHOAPAS,30,2181
UXPANAPA,30,2182
MERIDA,31,2183
CHICXULUB PUEBLO,31,2184
IXIL,31,2185
CONKAL,31,2186
YAXKUKUL,31,2187
HUNUCMA,31,2188
UCU,31,2189
KINCHIL,31,2190
TETIZ,31,2191
CELESTUN,31,2192
KANASIN,31,2193
TIMUCUY,31,2194
ACANCEH,31,2195
TIXPEHUAL,31,2196
UMAN,31,2197
TELCHAC PUEBLO,31,2198
DZEMUL,31,2199
TELCHAC PUERTO,31,2200
CANSAHCAB,31,2201
SINANCHE,31,2202
YOBAIN,31,2203
MOTUL,31,2204
BACA,31,2205
MOCOCHA,31,2206
MUXUPIP,31,2207
CACALCHEN,31,2208
BOKOBA,31,2209
TIXKOKOB,31,2210
HOCTUN,31,2211
TAHMEK,31,2212
DZIDZANTUN,31,2213
TEMAX,31,2214
TEKANTO,31,2215
TEYA,31,2216
SUMA,31,2217
TEPAKAN,31,2218
TEKAL DE VENEGAS,31,2219
IZAMAL,31,2220
HOCABA,31,2221
XOCCHEL,31,2222
SEYE,31,2223
CUZAMA,31,2224
HOMUN,31,2225
SANAHCAT,31,2226
HUHI,31,2227
DZILAM GONZALEZ,31,2228
DZILAM DE BRAVO,31,2229
PANABA,31,2230
BUCTZOTZ,31,2231
SUCILA,31,2232
CENOTILLO,31,2233
DZONCAUICH,31,2234
TUNKAS,31,2235
QUINTANA ROO,31,2236
DZITAS,31,2237
KANTUNIL,31,2238
SUDZAL,31,2239
TEKIT,31,2240
SOTUTA,31,2241
TIZIMIN,31,2242
RIO LAGARTOS,31,2243
ESPITA,31,2244
TEMOZON,31,2245
CALOTMUL,31,2246
TINUM,31,2247
CHANKOM,31,2248
CHICHIMILA,31,2249
TIXCACALCUPUL,31,2250
KAUA,31,2251
CUNCUNUL,31,2252
TEKOM,31,2253
CHEMAX,31,2254
VALLADOLID,31,2255
UAYMA,31,2256
MAXCANU,31,2257
SAMAHIL,31,2258
OPICHEN,31,2259
CHOCHOLA,31,2260
KOPOMA,31,2261
TECOH,31,2262
ABALA,31,2263
HALACHO,31,2264
MUNA,31,2265
SACALUM,31,2266
MANI,31,2267
DZAN,31,2268
CHAPAB,31,2269
TICUL,31,2270
OXKUTZCAB,31,2271
SANTA ELENA,31,2272
MAMA,31,2273
CHUMAYEL,31,2274
MAYAPAN,31,2275
TEABO,31,2276
CANTAMAYEC,31,2277
YAXCABA,31,2278
PETO,31,2279
CHIKINDZONOT,31,2280
TAHDZIU,31,2281
TIXMEHUAC,31,2282
CHACSINKIN,31,2283
TZUCACAB,31,2284
TEKAX,31,2285
AKIL,31,2286
ZACATECAS,32,2287
VETAGRANDE,32,2288
CONCEPCION DEL ORO,32,2289
MAZAPIL,32,2290
EL SALVADOR,32,2291
JUAN ALDAMA,32,2292
MIGUEL AUZA,32,2293
GENERAL FRANCISCO R. MURGUIA,32,2294
RIO GRANDE,32,2295
VILLA DE COS,32,2296
CANITAS DE FELIPE PESCADOR,32,2297
CALERA,32,2298
GENERAL ENRIQUE ESTRADA,32,2299
TRANCOSO,32,2300
GENARO CODINA,32,2301
OJOCALIENTE,32,2302
GENERAL PANFILO NATERA,32,2303
LUIS MOYA,32,2304
VILLA GONZALEZ ORTEGA,32,2305
NORIA DE ANGELES,32,2306
VILLA GARCIA,32,2307
PINOS,32,2308
FRESNILLO,32,2309
SOMBRERETE,32,2310
SAIN ALTO,32,2311
VALPARAISO,32,2312
CHALCHIHUITES,32,2313
JIMENEZ DEL TEUL,32,2314
JEREZ,32,2315
MONTE ESCOBEDO,32,2316
SUSTICACAN,32,2317
VILLANUEVA,32,2318
TEPETONGO,32,2319
EL PLATEADO DE JOAQUIN AMARO,32,2320
JALPA,32,2321
TABASCO,32,2322
HUANUSCO,32,2323
TLALTENANGO DE SANCHEZ ROMAN,32,2324
MOMAX,32,2325
ATOLINGA,32,2326
TEPECHITLAN,32,2327
TEUL DE GONZALEZ ORTEGA,32,2328
SANTA MARIA DE LA PAZ,32,2329
TRINIDAD GARCIA DE LA CADENA,32,2330
MEZQUITAL DEL ORO,32,2331
NOCHISTLAN DE MEJIA,32,2332
APULCO,32,2333
APOZOL,32,2334
JUCHIPILA,32,2335
MOYAHUA DE ESTRADA,32,2336
